{
  "name": "Road 47",
  "poly": [
    [
      1.5958277850270282,
      15.928027889123628
    ],
    [
      0.9092774803229486,
      15.966527602192823
    ],
    [
      0.22301809918882598,
      16.009905137865395
    ],
    [
      -0.5001106676615507,
      16.0581933806535
    ],
    [
      -0.5002430550315122,
      16.06001661091
    ],
    [
      -1.039066787363022,
      16.09802493579035
    ],
    [
      -1.5778905196945314,
      16.1360332606707
    ],
    [
      -1.5788615564195894,
      16.06890530944504
    ],
    [
      -2.2090954584076874,
      15.922621171375402
    ],
    [
      -2.79112611234852,
      15.640071816148517
    ],
    [
      -3.2959047229227165,
      15.235359109932485
    ],
    [
      -3.6982380972273217,
      14.72868201731176
    ],
    [
      -3.9780460216839044,
      14.145328483271536
    ],
    [
      -4.155829573159378,
      13.635132161820872
    ],
    [
      -4.333613124634852,
      13.124935840370206
    ],
    [
      -4.20391517776303,
      13.090338105921745
    ],
    [
      -4.236400013378534,
      12.873556495060324
    ],
    [
      -4.37232786385117,
      11.966466838361375
    ],
    [
      -4.447420752578329,
      11.465348175730796
    ],
    [
      -4.522513641305483,
      10.96422951310021
    ],
    [
      -4.5189715152554415,
      10.963710232631517
    ],
    [
      -4.61765064620768,
      10.210080555929725
    ],
    [
      -4.704337710450389,
      9.454977507740903
    ],
    [
      -4.779010802628355,
      8.698591898546944
    ],
    [
      -4.841651053252497,
      7.941114862926183
    ],
    [
      -4.87939658657479,
      7.435808885632938
    ],
    [
      -4.917142119897079,
      6.9305029083397045
    ],
    [
      -4.909999847412109,
      6.929999828338623
    ],
    [
      -4.95474286888,
      6.231431247575128
    ],
    [
      -4.999485890347891,
      5.532862666811633
    ],
    [
      -5.044228911815782,
      4.834294086048137
    ]
  ],
  "width_left": 1.5,
  "width_right": 0.0
}